Year,Location,18 to 24,25 to 34,35 to 44,45 to 54,55+,Total
1999,AL,75.0,83.0,120.0,105.0,172.0,555.0
1999,AK,15.0,19.0,21.0,28.0,13.0,96.0
1999,AZ,58.0,143.0,152.0,161.0,252.0,766.0
1999,AR,48.0,59.0,70.0,59.0,100.0,336.0
1999,CA,266.0,515.0,647.0,683.0,966.0,3077.0
1999,CO,63.0,102.0,135.0,135.0,139.0,574.0
1999,CT,25.0,40.0,57.0,61.0,91.0,274.0
1999,DE,,17.0,27.0,,16.0,86.0
1999,FL,132.0,291.0,448.0,415.0,743.0,2029.0
1999,GA,102.0,187.0,174.0,162.0,248.0,873.0
1999,HI,13.0,38.0,31.0,24.0,30.0,136.0
1999,ID,18.0,27.0,43.0,35.0,58.0,181.0
1999,IL,112.0,186.0,238.0,207.0,277.0,1020.0
1999,IN,81.0,121.0,147.0,128.0,151.0,628.0
1999,IA,37.0,46.0,60.0,66.0,96.0,305.0
1999,KS,45.0,55.0,61.0,68.0,70.0,299.0
1999,KY,43.0,87.0,117.0,96.0,127.0,470.0
1999,LA,66.0,101.0,98.0,112.0,141.0,518.0
1999,ME,11.0,33.0,43.0,38.0,50.0,175.0
1999,MD,51.0,80.0,98.0,87.0,119.0,435.0
1999,MA,33.0,84.0,106.0,96.0,112.0,431.0
1999,MI,111.0,189.0,217.0,216.0,241.0,974.0
1999,MN,62.0,68.0,112.0,95.0,100.0,437.0
1999,MS,33.0,42.0,75.0,48.0,106.0,304.0
1999,MO,78.0,124.0,160.0,140.0,198.0,700.0
1999,MT,22.0,14.0,36.0,33.0,57.0,162.0
1999,NE,24.0,38.0,40.0,36.0,39.0,177.0
1999,NV,33.0,74.0,77.0,81.0,139.0,404.0
1999,NH,19.0,29.0,25.0,36.0,28.0,137.0
1999,NJ,55.0,92.0,142.0,104.0,170.0,563.0
1999,NM,50.0,54.0,69.0,68.0,77.0,318.0
1999,NY,129.0,211.0,251.0,251.0,354.0,1196.0
1999,NC,105.0,164.0,192.0,199.0,224.0,884.0
1999,ND,10.0,13.0,11.0,16.0,23.0,73.0
1999,OH,128.0,185.0,249.0,198.0,342.0,1102.0
1999,OK,67.0,106.0,114.0,93.0,112.0,492.0
1999,OR,44.0,68.0,102.0,112.0,152.0,478.0
1999,PA,133.0,218.0,309.0,256.0,368.0,1284.0
1999,RI,10.0,19.0,29.0,16.0,22.0,96.0
1999,SC,51.0,61.0,96.0,87.0,123.0,418.0
1999,SD,22.0,14.0,16.0,30.0,21.0,103.0
1999,TN,63.0,153.0,173.0,150.0,187.0,726.0
1999,TX,235.0,364.0,457.0,427.0,522.0,2005.0
1999,UT,51.0,55.0,68.0,55.0,53.0,282.0
1999,VT,,,17.0,,22.0,63.0
1999,VA,72.0,150.0,172.0,169.0,228.0,791.0
1999,WA,100.0,134.0,173.0,174.0,235.0,816.0
1999,WV,22.0,29.0,47.0,60.0,71.0,229.0
1999,WI,87.0,94.0,122.0,131.0,159.0,593.0
1999,WY,13.0,17.0,11.0,25.0,32.0,98.0
2000,AL,56.0,98.0,141.0,108.0,180.0,583.0
2000,AK,35.0,24.0,32.0,36.0,10.0,137.0
2000,AZ,112.0,118.0,164.0,164.0,226.0,784.0
2000,AR,39.0,66.0,72.0,59.0,113.0,349.0
2000,CA,255.0,482.0,617.0,637.0,978.0,2969.0
2000,CO,69.0,114.0,125.0,167.0,138.0,613.0
2000,CT,25.0,43.0,74.0,78.0,84.0,304.0
2000,DE,,12.0,22.0,,24.0,82.0
2000,FL,158.0,253.0,435.0,457.0,783.0,2086.0
2000,GA,113.0,142.0,172.0,190.0,230.0,847.0
2000,HI,18.0,26.0,31.0,28.0,34.0,137.0
2000,ID,26.0,28.0,28.0,34.0,51.0,167.0
2000,IL,123.0,171.0,224.0,198.0,287.0,1003.0
2000,IN,82.0,122.0,164.0,148.0,167.0,683.0
2000,IA,34.0,51.0,66.0,65.0,73.0,289.0
2000,KS,40.0,58.0,68.0,75.0,84.0,325.0
2000,KY,59.0,95.0,124.0,103.0,140.0,521.0
2000,LA,65.0,94.0,94.0,91.0,124.0,468.0
2000,ME,20.0,21.0,42.0,34.0,37.0,154.0
2000,MD,57.0,78.0,87.0,119.0,133.0,474.0
2000,MA,42.0,72.0,96.0,95.0,82.0,387.0
2000,MI,99.0,160.0,223.0,222.0,270.0,974.0
2000,MN,55.0,81.0,108.0,103.0,93.0,440.0
2000,MS,38.0,53.0,68.0,64.0,71.0,294.0
2000,MO,76.0,114.0,183.0,141.0,185.0,699.0
2000,MT,16.0,26.0,35.0,34.0,47.0,158.0
2000,NE,30.0,26.0,37.0,50.0,50.0,193.0
2000,NV,34.0,69.0,82.0,105.0,110.0,400.0
2000,NH,,16.0,46.0,,34.0,131.0
2000,NJ,45.0,78.0,128.0,139.0,170.0,560.0
2000,NM,50.0,62.0,64.0,71.0,80.0,327.0
2000,NY,149.0,192.0,239.0,231.0,321.0,1132.0
2000,NC,96.0,181.0,235.0,210.0,249.0,971.0
2000,ND,11.0,12.0,14.0,13.0,18.0,68.0
2000,OH,115.0,161.0,258.0,242.0,312.0,1088.0
2000,OK,59.0,98.0,125.0,104.0,111.0,497.0
2000,OR,62.0,65.0,88.0,119.0,159.0,493.0
2000,PA,130.0,206.0,317.0,308.0,395.0,1356.0
2000,RI,12.0,12.0,16.0,19.0,16.0,75.0
2000,SC,42.0,69.0,93.0,108.0,131.0,443.0
2000,SD,13.0,24.0,14.0,23.0,21.0,95.0
2000,TN,76.0,120.0,179.0,149.0,206.0,730.0
2000,TX,260.0,368.0,439.0,504.0,482.0,2053.0
2000,UT,50.0,48.0,78.0,69.0,53.0,298.0
2000,VT,,12.0,14.0,,21.0,77.0
2000,VA,62.0,110.0,196.0,164.0,236.0,768.0
2000,WA,68.0,118.0,170.0,161.0,210.0,727.0
2000,WV,23.0,32.0,64.0,62.0,64.0,245.0
2000,WI,76.0,97.0,149.0,136.0,132.0,590.0
2000,WY,,11.0,20.0,,21.0,83.0
2001,AL,52.0,93.0,102.0,109.0,156.0,512.0
2001,AK,16.0,16.0,21.0,34.0,15.0,102.0
2001,AZ,84.0,131.0,144.0,188.0,220.0,767.0
2001,AR,37.0,84.0,84.0,73.0,104.0,382.0
2001,CA,260.0,486.0,544.0,604.0,937.0,2831.0
2001,CO,77.0,127.0,151.0,184.0,183.0,722.0
2001,CT,24.0,44.0,60.0,74.0,81.0,283.0
2001,DE,11.0,20.0,25.0,25.0,27.0,108.0
2001,FL,162.0,321.0,447.0,533.0,851.0,2314.0
2001,GA,116.0,167.0,214.0,197.0,241.0,935.0
2001,HI,17.0,19.0,28.0,37.0,35.0,136.0
2001,ID,34.0,37.0,37.0,36.0,66.0,210.0
2001,IL,127.0,189.0,247.0,247.0,329.0,1139.0
2001,IN,75.0,111.0,156.0,187.0,186.0,715.0
2001,IA,45.0,39.0,58.0,81.0,81.0,304.0
2001,KS,47.0,52.0,72.0,55.0,67.0,293.0
2001,KY,48.0,86.0,118.0,116.0,127.0,495.0
2001,LA,55.0,84.0,105.0,107.0,142.0,493.0
2001,ME,19.0,23.0,27.0,35.0,57.0,161.0
2001,MD,54.0,69.0,105.0,105.0,121.0,454.0
2001,MA,48.0,72.0,101.0,102.0,103.0,426.0
2001,MI,103.0,188.0,242.0,241.0,277.0,1051.0
2001,MN,60.0,77.0,103.0,128.0,112.0,480.0
2001,MS,41.0,62.0,71.0,67.0,87.0,328.0
2001,MO,95.0,110.0,167.0,160.0,193.0,725.0
2001,MT,14.0,28.0,43.0,34.0,56.0,175.0
2001,NE,22.0,32.0,42.0,41.0,50.0,187.0
2001,NV,32.0,49.0,84.0,93.0,129.0,387.0
2001,NH,22.0,33.0,39.0,39.0,34.0,167.0
2001,NJ,59.0,100.0,143.0,121.0,165.0,588.0
2001,NM,32.0,55.0,92.0,84.0,99.0,362.0
2001,NY,131.0,197.0,281.0,281.0,363.0,1253.0
2001,NC,116.0,152.0,221.0,225.0,283.0,997.0
2001,ND,,15.0,23.0,,20.0,79.0
2001,OH,133.0,194.0,269.0,275.0,348.0,1219.0
2001,OK,55.0,88.0,114.0,117.0,141.0,515.0
2001,OR,37.0,87.0,117.0,120.0,144.0,505.0
2001,PA,122.0,225.0,275.0,311.0,343.0,1276.0
2001,RI,13.0,18.0,19.0,23.0,15.0,88.0
2001,SC,49.0,91.0,104.0,102.0,121.0,467.0
2001,SD,19.0,18.0,20.0,27.0,21.0,105.0
2001,TN,72.0,133.0,158.0,136.0,212.0,711.0
2001,TX,264.0,383.0,485.0,520.0,573.0,2225.0
2001,UT,48.0,63.0,78.0,77.0,55.0,321.0
2001,VT,11.0,10.0,11.0,18.0,22.0,72.0
2001,VA,84.0,117.0,198.0,179.0,219.0,797.0
2001,WA,73.0,121.0,138.0,176.0,204.0,712.0
2001,WV,17.0,42.0,60.0,61.0,106.0,286.0
2001,WI,68.0,90.0,166.0,148.0,167.0,639.0
2001,WY,11.0,12.0,19.0,28.0,13.0,83.0
2002,AL,51.0,78.0,116.0,110.0,159.0,514.0
2002,AK,24.0,24.0,31.0,35.0,18.0,132.0
2002,AZ,115.0,157.0,153.0,193.0,268.0,886.0
2002,AR,45.0,64.0,85.0,85.0,98.0,377.0
2002,CA,268.0,505.0,645.0,,,3228.0
2002,CO,84.0,122.0,172.0,184.0,165.0,727.0
2002,CT,20.0,41.0,51.0,74.0,74.0,260.0
2002,DE,,10.0,18.0,,17.0,74.0
2002,FL,164.0,278.0,484.0,568.0,844.0,2338.0
2002,GA,86.0,155.0,205.0,184.0,279.0,909.0
2002,HI,10.0,21.0,25.0,32.0,32.0,120.0
2002,ID,24.0,29.0,39.0,53.0,57.0,202.0
2002,IL,135.0,194.0,243.0,254.0,319.0,1145.0
2002,IN,84.0,129.0,167.0,174.0,189.0,743.0
2002,IA,44.0,59.0,64.0,69.0,78.0,314.0
2002,KS,54.0,45.0,73.0,81.0,92.0,345.0
2002,KY,63.0,94.0,118.0,126.0,139.0,540.0
2002,LA,79.0,88.0,103.0,95.0,134.0,499.0
2002,ME,15.0,34.0,37.0,32.0,48.0,166.0
2002,MD,62.0,65.0,102.0,103.0,145.0,477.0
2002,MA,49.0,72.0,105.0,92.0,118.0,436.0
2002,MI,108.0,181.0,260.0,274.0,283.0,1106.0
2002,MN,70.0,81.0,99.0,125.0,122.0,497.0
2002,MS,49.0,62.0,74.0,80.0,78.0,343.0
2002,MO,70.0,93.0,167.0,171.0,192.0,693.0
2002,MT,19.0,31.0,33.0,44.0,57.0,184.0
2002,NE,17.0,34.0,49.0,50.0,51.0,201.0
2002,NV,34.0,60.0,86.0,96.0,147.0,423.0
2002,NH,18.0,19.0,27.0,31.0,37.0,132.0
2002,NJ,44.0,97.0,95.0,129.0,188.0,553.0
2002,NM,42.0,57.0,80.0,87.0,83.0,349.0
2002,NY,156.0,191.0,274.0,277.0,330.0,1228.0
2002,NC,76.0,163.0,230.0,197.0,320.0,986.0
2002,ND,10.0,17.0,17.0,21.0,26.0,91.0
2002,OH,127.0,205.0,276.0,292.0,387.0,1287.0
2002,OK,63.0,80.0,104.0,123.0,131.0,501.0
2002,OR,49.0,73.0,105.0,138.0,153.0,518.0
2002,PA,150.0,198.0,327.0,315.0,351.0,1341.0
2002,RI,,15.0,22.0,,21.0,86.0
2002,SC,42.0,72.0,115.0,83.0,128.0,440.0
2002,SD,12.0,15.0,17.0,27.0,23.0,94.0
2002,TN,56.0,155.0,178.0,165.0,224.0,778.0
2002,TX,247.0,403.0,530.0,539.0,592.0,2311.0
2002,UT,39.0,76.0,83.0,82.0,60.0,340.0
2002,VT,10.0,10.0,14.0,28.0,30.0,92.0
2002,VA,68.0,122.0,169.0,181.0,259.0,799.0
2002,WA,76.0,112.0,177.0,207.0,239.0,811.0
2002,WV,44.0,37.0,59.0,63.0,73.0,276.0
2002,WI,86.0,97.0,127.0,157.0,160.0,627.0
2002,WY,22.0,19.0,14.0,25.0,25.0,105.0
2003,AL,56.0,90.0,96.0,119.0,160.0,521.0
2003,AK,25.0,26.0,16.0,31.0,26.0,124.0
2003,AZ,109.0,140.0,187.0,172.0,232.0,840.0
2003,AR,36.0,59.0,66.0,94.0,119.0,374.0
2003,CA,327.0,547.0,683.0,,,3397.0
2003,CO,70.0,114.0,172.0,181.0,191.0,728.0
2003,CT,20.0,41.0,61.0,67.0,83.0,272.0
2003,DE,,,19.0,,22.0,94.0
2003,FL,170.0,303.0,480.0,494.0,850.0,2297.0
2003,GA,108.0,154.0,181.0,227.0,302.0,972.0
2003,HI,12.0,26.0,21.0,33.0,39.0,131.0
2003,ID,28.0,34.0,46.0,47.0,62.0,217.0
2003,IL,98.0,178.0,231.0,242.0,262.0,1011.0
2003,IN,68.0,158.0,160.0,181.0,169.0,736.0
2003,IA,44.0,43.0,77.0,100.0,88.0,352.0
2003,KS,35.0,50.0,68.0,99.0,95.0,347.0
2003,KY,66.0,108.0,116.0,117.0,160.0,567.0
2003,LA,68.0,78.0,105.0,91.0,119.0,461.0
2003,ME,,21.0,23.0,,48.0,137.0
2003,MD,67.0,72.0,90.0,117.0,145.0,491.0
2003,MA,37.0,76.0,108.0,104.0,108.0,433.0
2003,MI,101.0,203.0,223.0,250.0,252.0,1029.0
2003,MN,65.0,83.0,119.0,118.0,112.0,497.0
2003,MS,33.0,72.0,58.0,67.0,106.0,336.0
2003,MO,74.0,87.0,162.0,162.0,194.0,679.0
2003,MT,23.0,32.0,34.0,44.0,47.0,180.0
2003,NE,23.0,37.0,35.0,34.0,47.0,176.0
2003,NV,48.0,61.0,82.0,88.0,155.0,434.0
2003,NH,17.0,25.0,30.0,40.0,46.0,158.0
2003,NJ,52.0,90.0,114.0,136.0,196.0,588.0
2003,NM,36.0,70.0,61.0,81.0,95.0,343.0
2003,NY,131.0,174.0,227.0,249.0,388.0,1169.0
2003,NC,119.0,147.0,205.0,229.0,255.0,955.0
2003,ND,18.0,10.0,16.0,22.0,15.0,81.0
2003,OH,106.0,194.0,224.0,256.0,294.0,1074.0
2003,OK,51.0,88.0,97.0,114.0,126.0,476.0
2003,OR,55.0,71.0,115.0,142.0,209.0,592.0
2003,PA,138.0,184.0,292.0,344.0,382.0,1340.0
2003,RI,,,27.0,,16.0,84.0
2003,SC,37.0,77.0,113.0,98.0,151.0,476.0
2003,SD,18.0,17.0,24.0,24.0,19.0,102.0
2003,TN,69.0,144.0,168.0,174.0,207.0,762.0
2003,TX,281.0,374.0,506.0,620.0,582.0,2363.0
2003,UT,63.0,65.0,62.0,73.0,73.0,336.0
2003,VT,,10.0,23.0,,25.0,83.0
2003,VA,90.0,141.0,171.0,177.0,229.0,808.0
2003,WA,78.0,123.0,172.0,190.0,240.0,803.0
2003,WV,29.0,32.0,57.0,54.0,94.0,266.0
2003,WI,74.0,97.0,140.0,179.0,157.0,647.0
2003,WY,13.0,13.0,28.0,28.0,27.0,109.0
2004,AL,75.0,70.0,102.0,121.0,173.0,541.0
2004,AK,33.0,33.0,32.0,42.0,15.0,155.0
2004,AZ,116.0,136.0,172.0,203.0,253.0,880.0
2004,AR,35.0,56.0,64.0,98.0,108.0,361.0
2004,CA,359.0,505.0,630.0,,,3368.0
2004,CO,81.0,133.0,168.0,231.0,184.0,797.0
2004,CT,30.0,39.0,58.0,90.0,77.0,294.0
2004,DE,,16.0,21.0,,25.0,93.0
2004,FL,186.0,284.0,474.0,588.0,857.0,2389.0
2004,GA,119.0,167.0,200.0,206.0,281.0,973.0
2004,HI,11.0,20.0,20.0,32.0,33.0,116.0
2004,ID,25.0,32.0,56.0,56.0,67.0,236.0
2004,IL,122.0,171.0,200.0,264.0,271.0,1028.0
2004,IN,71.0,126.0,170.0,147.0,190.0,704.0
2004,IA,47.0,57.0,63.0,91.0,85.0,343.0
2004,KS,48.0,61.0,76.0,91.0,94.0,370.0
2004,KY,65.0,95.0,119.0,126.0,155.0,560.0
2004,LA,77.0,98.0,110.0,128.0,124.0,537.0
2004,ME,24.0,20.0,32.0,48.0,47.0,171.0
2004,MD,50.0,56.0,116.0,133.0,145.0,500.0
2004,MA,40.0,67.0,101.0,104.0,113.0,425.0
2004,MI,108.0,172.0,258.0,294.0,266.0,1098.0
2004,MN,73.0,89.0,121.0,126.0,115.0,524.0
2004,MS,39.0,66.0,62.0,85.0,98.0,350.0
2004,MO,69.0,115.0,155.0,180.0,196.0,715.0
2004,MT,23.0,30.0,37.0,37.0,48.0,175.0
2004,NE,26.0,21.0,33.0,50.0,36.0,166.0
2004,NV,29.0,58.0,71.0,125.0,157.0,440.0
2004,NH,16.0,16.0,30.0,30.0,41.0,133.0
2004,NJ,57.0,95.0,132.0,151.0,162.0,597.0
2004,NM,60.0,68.0,60.0,81.0,87.0,356.0
2004,NY,137.0,183.0,231.0,281.0,355.0,1187.0
2004,NC,117.0,180.0,251.0,200.0,279.0,1027.0
2004,ND,16.0,13.0,12.0,18.0,14.0,73.0
2004,OH,146.0,211.0,252.0,346.0,364.0,1319.0
2004,OK,64.0,77.0,110.0,111.0,144.0,506.0
2004,OR,60.0,66.0,108.0,132.0,189.0,555.0
2004,PA,136.0,212.0,294.0,386.0,382.0,1410.0
2004,RI,10.0,,19.0,,21.0,85.0
2004,SC,49.0,78.0,86.0,129.0,140.0,482.0
2004,SD,16.0,26.0,22.0,28.0,20.0,112.0
2004,TN,81.0,131.0,160.0,193.0,227.0,792.0
2004,TX,270.0,399.0,457.0,536.0,638.0,2300.0
2004,UT,48.0,86.0,72.0,92.0,79.0,377.0
2004,VT,,18.0,14.0,,32.0,93.0
2004,VA,82.0,117.0,186.0,197.0,246.0,828.0
2004,WA,87.0,110.0,193.0,204.0,236.0,830.0
2004,WV,34.0,47.0,68.0,57.0,79.0,285.0
2004,WI,84.0,117.0,139.0,172.0,150.0,662.0
2004,WY,,17.0,13.0,,31.0,88.0
2005,AL,58.0,79.0,99.0,123.0,176.0,535.0
2005,AK,25.0,23.0,34.0,32.0,17.0,131.0
2005,AZ,126.0,161.0,170.0,221.0,267.0,945.0
2005,AR,38.0,63.0,81.0,105.0,113.0,400.0
2005,CA,307.0,431.0,606.0,785.0,1077.0,3206.0
2005,CO,113.0,114.0,166.0,191.0,216.0,800.0
2005,CT,24.0,32.0,76.0,79.0,84.0,295.0
2005,DE,,17.0,15.0,,22.0,83.0
2005,FL,174.0,299.0,438.0,587.0,849.0,2347.0
2005,GA,93.0,132.0,196.0,212.0,291.0,924.0
2005,HI,,20.0,26.0,,29.0,107.0
2005,ID,25.0,37.0,40.0,53.0,73.0,228.0
2005,IL,118.0,171.0,238.0,238.0,321.0,1086.0
2005,IN,90.0,120.0,149.0,186.0,200.0,745.0
2005,IA,46.0,55.0,65.0,83.0,84.0,333.0
2005,KS,40.0,64.0,78.0,80.0,100.0,362.0
2005,KY,50.0,100.0,136.0,133.0,147.0,566.0
2005,LA,75.0,96.0,83.0,119.0,132.0,505.0
2005,ME,12.0,26.0,30.0,39.0,68.0,175.0
2005,MD,46.0,75.0,103.0,114.0,134.0,472.0
2005,MA,44.0,86.0,103.0,112.0,135.0,480.0
2005,MI,107.0,189.0,239.0,281.0,292.0,1108.0
2005,MN,73.0,85.0,98.0,158.0,133.0,547.0
2005,MS,47.0,58.0,87.0,81.0,90.0,363.0
2005,MO,76.0,97.0,179.0,185.0,190.0,727.0
2005,MT,21.0,30.0,41.0,59.0,55.0,206.0
2005,NE,16.0,30.0,47.0,52.0,42.0,187.0
2005,NV,41.0,65.0,89.0,118.0,167.0,480.0
2005,NH,13.0,18.0,37.0,42.0,52.0,162.0
2005,NJ,63.0,80.0,117.0,121.0,155.0,536.0
2005,NM,52.0,43.0,61.0,100.0,86.0,342.0
2005,NY,138.0,175.0,242.0,280.0,354.0,1189.0
2005,NC,92.0,139.0,210.0,262.0,306.0,1009.0
2005,ND,23.0,15.0,12.0,24.0,18.0,92.0
2005,OH,142.0,199.0,272.0,330.0,398.0,1341.0
2005,OK,62.0,92.0,112.0,115.0,141.0,522.0
2005,OR,48.0,72.0,92.0,156.0,192.0,560.0
2005,PA,140.0,210.0,286.0,373.0,421.0,1430.0
2005,RI,,,13.0,,24.0,71.0
2005,SC,60.0,87.0,108.0,129.0,126.0,510.0
2005,SD,17.0,18.0,19.0,29.0,38.0,121.0
2005,TN,79.0,129.0,173.0,193.0,282.0,856.0
2005,TX,295.0,416.0,489.0,595.0,623.0,2418.0
2005,UT,55.0,78.0,71.0,73.0,71.0,348.0
2005,VT,,14.0,20.0,,18.0,78.0
2005,VA,77.0,149.0,152.0,214.0,274.0,866.0
2005,WA,85.0,125.0,143.0,229.0,240.0,822.0
2005,WV,25.0,33.0,41.0,63.0,93.0,255.0
2005,WI,71.0,112.0,150.0,155.0,155.0,643.0
2005,WY,12.0,16.0,13.0,20.0,29.0,90.0
2006,AL,72.0,105.0,104.0,125.0,174.0,580.0
2006,AK,33.0,16.0,26.0,36.0,24.0,135.0
2006,AZ,119.0,133.0,173.0,224.0,330.0,979.0
2006,AR,32.0,61.0,78.0,84.0,121.0,376.0
2006,CA,337.0,468.0,589.0,842.0,1098.0,3334.0
2006,CO,99.0,115.0,165.0,176.0,175.0,730.0
2006,CT,25.0,44.0,55.0,89.0,79.0,292.0
2006,DE,10.0,12.0,20.0,21.0,28.0,91.0
2006,FL,169.0,297.0,429.0,587.0,958.0,2440.0
2006,GA,84.0,139.0,185.0,251.0,264.0,923.0
2006,HI,20.0,17.0,22.0,32.0,29.0,120.0
2006,ID,23.0,38.0,53.0,51.0,57.0,222.0
2006,IL,109.0,157.0,213.0,258.0,273.0,1010.0
2006,IN,75.0,139.0,173.0,237.0,200.0,824.0
2006,IA,36.0,41.0,77.0,90.0,90.0,334.0
2006,KS,39.0,74.0,75.0,89.0,102.0,379.0
2006,KY,61.0,105.0,147.0,139.0,170.0,622.0
2006,LA,60.0,100.0,100.0,106.0,126.0,492.0
2006,ME,11.0,17.0,33.0,42.0,55.0,158.0
2006,MD,66.0,84.0,86.0,112.0,147.0,495.0
2006,MA,39.0,65.0,98.0,128.0,120.0,450.0
2006,MI,89.0,158.0,261.0,306.0,325.0,1139.0
2006,MN,64.0,93.0,116.0,145.0,136.0,554.0
2006,MS,32.0,48.0,77.0,67.0,101.0,325.0
2006,MO,86.0,123.0,158.0,212.0,220.0,799.0
2006,MT,25.0,30.0,35.0,38.0,61.0,189.0
2006,NE,30.0,20.0,32.0,61.0,59.0,202.0
2006,NV,49.0,65.0,88.0,115.0,169.0,486.0
2006,NH,11.0,25.0,35.0,31.0,49.0,151.0
2006,NJ,53.0,75.0,133.0,132.0,192.0,585.0
2006,NM,48.0,63.0,56.0,92.0,93.0,352.0
2006,NY,116.0,208.0,256.0,344.0,402.0,1326.0
2006,NC,126.0,158.0,213.0,292.0,317.0,1106.0
2006,ND,22.0,20.0,10.0,24.0,14.0,90.0
2006,OH,140.0,218.0,234.0,357.0,376.0,1325.0
2006,OK,58.0,86.0,114.0,127.0,152.0,537.0
2006,OR,66.0,76.0,109.0,143.0,185.0,579.0
2006,PA,157.0,194.0,285.0,351.0,409.0,1396.0
2006,RI,,16.0,19.0,,23.0,90.0
2006,SC,47.0,77.0,105.0,127.0,168.0,524.0
2006,SD,22.0,14.0,23.0,41.0,25.0,125.0
2006,TN,81.0,116.0,212.0,220.0,245.0,874.0
2006,TX,293.0,405.0,463.0,553.0,633.0,2347.0
2006,UT,49.0,68.0,85.0,73.0,87.0,362.0
2006,VT,,,18.0,,24.0,81.0
2006,VA,88.0,117.0,170.0,228.0,273.0,876.0
2006,WA,103.0,112.0,129.0,222.0,243.0,809.0
2006,WV,15.0,36.0,57.0,78.0,83.0,269.0
2006,WI,55.0,103.0,175.0,183.0,154.0,670.0
2006,WY,,23.0,14.0,,34.0,116.0
2007,AL,66.0,98.0,112.0,122.0,194.0,592.0
2007,AK,24.0,33.0,25.0,39.0,28.0,149.0
2007,AZ,116.0,186.0,169.0,243.0,302.0,1016.0
2007,AR,33.0,69.0,93.0,94.0,113.0,402.0
2007,CA,322.0,514.0,656.0,934.0,1176.0,3602.0
2007,CO,66.0,135.0,167.0,223.0,220.0,811.0
2007,CT,28.0,32.0,50.0,78.0,83.0,271.0
2007,DE,,,22.0,,27.0,95.0
2007,FL,203.0,318.0,443.0,646.0,977.0,2587.0
2007,GA,91.0,145.0,218.0,238.0,305.0,997.0
2007,HI,13.0,22.0,16.0,37.0,45.0,133.0
2007,ID,39.0,34.0,36.0,52.0,62.0,223.0
2007,IL,147.0,163.0,222.0,261.0,315.0,1108.0
2007,IN,81.0,136.0,151.0,208.0,214.0,790.0
2007,IA,34.0,42.0,70.0,83.0,93.0,322.0
2007,KS,49.0,44.0,77.0,106.0,106.0,382.0
2007,KY,59.0,126.0,142.0,153.0,169.0,649.0
2007,LA,62.0,113.0,102.0,120.0,125.0,522.0
2007,ME,28.0,24.0,32.0,40.0,67.0,191.0
2007,MD,54.0,89.0,113.0,121.0,141.0,518.0
2007,MA,43.0,80.0,120.0,121.0,152.0,516.0
2007,MI,106.0,164.0,218.0,328.0,315.0,1131.0
2007,MN,63.0,92.0,116.0,146.0,155.0,572.0
2007,MS,37.0,74.0,74.0,91.0,120.0,396.0
2007,MO,78.0,128.0,161.0,210.0,231.0,808.0
2007,MT,17.0,25.0,30.0,53.0,71.0,196.0
2007,NE,22.0,21.0,36.0,48.0,54.0,181.0
2007,NV,32.0,55.0,93.0,112.0,179.0,471.0
2007,NH,12.0,16.0,28.0,49.0,53.0,158.0
2007,NJ,64.0,91.0,126.0,143.0,172.0,596.0
2007,NM,51.0,57.0,79.0,105.0,109.0,401.0
2007,NY,124.0,212.0,281.0,331.0,448.0,1396.0
2007,NC,99.0,154.0,236.0,240.0,348.0,1077.0
2007,ND,15.0,19.0,14.0,19.0,28.0,95.0
2007,OH,140.0,198.0,258.0,326.0,373.0,1295.0
2007,OK,46.0,90.0,99.0,149.0,147.0,531.0
2007,OR,50.0,89.0,99.0,145.0,211.0,594.0
2007,PA,139.0,204.0,295.0,366.0,437.0,1441.0
2007,RI,10.0,11.0,24.0,24.0,27.0,96.0
2007,SC,49.0,86.0,101.0,133.0,161.0,530.0
2007,SD,21.0,20.0,,,28.0,102.0
2007,TN,73.0,128.0,173.0,198.0,272.0,844.0
2007,TX,289.0,424.0,471.0,600.0,649.0,2433.0
2007,UT,61.0,77.0,69.0,87.0,84.0,378.0
2007,VT,,15.0,15.0,,29.0,89.0
2007,VA,83.0,120.0,185.0,223.0,269.0,880.0
2007,WA,92.0,116.0,165.0,210.0,282.0,865.0
2007,WV,32.0,46.0,61.0,65.0,96.0,300.0
2007,WI,92.0,111.0,144.0,198.0,184.0,729.0
2007,WY,14.0,19.0,23.0,16.0,29.0,101.0
2008,AL,72.0,104.0,106.0,143.0,179.0,604.0
2008,AK,32.0,30.0,26.0,46.0,35.0,169.0
2008,AZ,97.0,126.0,157.0,245.0,347.0,972.0
2008,AR,51.0,85.0,78.0,100.0,133.0,447.0
2008,CA,331.0,487.0,659.0,947.0,1351.0,3775.0
2008,CO,92.0,107.0,135.0,242.0,227.0,803.0
2008,CT,32.0,39.0,60.0,87.0,97.0,315.0
2008,DE,11.0,18.0,16.0,35.0,29.0,109.0
2008,FL,194.0,337.0,471.0,683.0,1055.0,2740.0
2008,GA,101.0,151.0,170.0,251.0,308.0,981.0
2008,HI,16.0,17.0,27.0,35.0,38.0,133.0
2008,ID,25.0,26.0,39.0,66.0,96.0,252.0
2008,IL,106.0,175.0,241.0,304.0,372.0,1198.0
2008,IN,62.0,131.0,169.0,192.0,255.0,809.0
2008,IA,46.0,58.0,80.0,90.0,106.0,380.0
2008,KS,59.0,56.0,61.0,74.0,87.0,337.0
2008,KY,38.0,93.0,122.0,167.0,192.0,612.0
2008,LA,67.0,94.0,108.0,116.0,147.0,532.0
2008,ME,14.0,22.0,32.0,53.0,60.0,181.0
2008,MD,52.0,75.0,91.0,131.0,158.0,507.0
2008,MA,35.0,60.0,119.0,155.0,140.0,509.0
2008,MI,107.0,187.0,245.0,327.0,314.0,1180.0
2008,MN,72.0,88.0,122.0,157.0,157.0,596.0
2008,MS,43.0,69.0,69.0,89.0,139.0,409.0
2008,MO,102.0,114.0,136.0,209.0,218.0,779.0
2008,MT,25.0,42.0,31.0,45.0,60.0,203.0
2008,NE,25.0,33.0,28.0,59.0,46.0,191.0
2008,NV,46.0,69.0,90.0,135.0,188.0,528.0
2008,NH,12.0,21.0,42.0,53.0,51.0,179.0
2008,NJ,52.0,86.0,120.0,158.0,199.0,615.0
2008,NM,51.0,59.0,68.0,130.0,111.0,419.0
2008,NY,123.0,198.0,282.0,363.0,443.0,1409.0
2008,NC,119.0,182.0,234.0,280.0,347.0,1162.0
2008,ND,13.0,15.0,17.0,18.0,23.0,86.0
2008,OH,141.0,226.0,294.0,373.0,378.0,1412.0
2008,OK,60.0,94.0,105.0,154.0,162.0,575.0
2008,OR,48.0,75.0,103.0,158.0,188.0,572.0
2008,PA,140.0,231.0,290.0,415.0,463.0,1539.0
2008,RI,,11.0,26.0,,28.0,110.0
2008,SC,72.0,69.0,87.0,144.0,193.0,565.0
2008,SD,25.0,18.0,21.0,33.0,27.0,124.0
2008,TN,79.0,140.0,202.0,237.0,315.0,973.0
2008,TX,269.0,446.0,474.0,643.0,720.0,2552.0
2008,UT,62.0,72.0,66.0,108.0,82.0,390.0
2008,VT,,11.0,17.0,,28.0,94.0
2008,VA,100.0,138.0,172.0,245.0,293.0,948.0
2008,WA,88.0,130.0,160.0,232.0,279.0,889.0
2008,WV,27.0,38.0,55.0,55.0,86.0,261.0
2008,WI,67.0,119.0,146.0,189.0,222.0,743.0
2008,WY,15.0,21.0,23.0,31.0,34.0,124.0
2009,AL,57.0,88.0,121.0,160.0,247.0,673.0
2009,AK,31.0,28.0,22.0,32.0,30.0,143.0
2009,AZ,100.0,150.0,186.0,244.0,380.0,1060.0
2009,AR,47.0,67.0,69.0,114.0,125.0,422.0
2009,CA,320.0,470.0,603.0,,,3823.0
2009,CO,101.0,138.0,197.0,234.0,271.0,941.0
2009,CT,37.0,40.0,57.0,88.0,94.0,316.0
2009,DE,10.0,16.0,21.0,30.0,30.0,107.0
2009,FL,198.0,351.0,515.0,,,2858.0
2009,GA,100.0,174.0,214.0,294.0,352.0,1134.0
2009,HI,22.0,26.0,30.0,41.0,56.0,175.0
2009,ID,27.0,36.0,66.0,84.0,91.0,304.0
2009,IL,112.0,186.0,221.0,314.0,344.0,1177.0
2009,IN,93.0,115.0,171.0,216.0,233.0,828.0
2009,IA,52.0,56.0,67.0,77.0,109.0,361.0
2009,KS,40.0,68.0,72.0,87.0,115.0,382.0
2009,KY,63.0,94.0,110.0,137.0,188.0,592.0
2009,LA,43.0,88.0,86.0,129.0,144.0,490.0
2009,ME,12.0,19.0,45.0,54.0,67.0,197.0
2009,MD,55.0,92.0,89.0,155.0,160.0,551.0
2009,MA,48.0,58.0,120.0,170.0,134.0,530.0
2009,MI,105.0,151.0,210.0,331.0,372.0,1169.0
2009,MN,68.0,81.0,97.0,181.0,157.0,584.0
2009,MS,37.0,57.0,79.0,92.0,116.0,381.0
2009,MO,70.0,153.0,158.0,236.0,243.0,860.0
2009,MT,33.0,30.0,28.0,52.0,76.0,219.0
2009,NE,24.0,25.0,24.0,41.0,56.0,170.0
2009,NV,31.0,76.0,89.0,126.0,183.0,505.0
2009,NH,19.0,23.0,26.0,49.0,49.0,166.0
2009,NJ,53.0,86.0,107.0,153.0,158.0,557.0
2009,NM,62.0,63.0,54.0,85.0,112.0,376.0
2009,NY,141.0,181.0,257.0,393.0,445.0,1417.0
2009,NC,104.0,182.0,238.0,297.0,353.0,1174.0
2009,ND,19.0,20.0,19.0,21.0,11.0,90.0
2009,OH,106.0,168.0,227.0,325.0,350.0,1176.0
2009,OK,54.0,108.0,99.0,153.0,153.0,567.0
2009,OR,48.0,79.0,113.0,172.0,232.0,644.0
2009,PA,137.0,199.0,276.0,462.0,557.0,1631.0
2009,RI,10.0,18.0,23.0,34.0,33.0,118.0
2009,SC,56.0,91.0,108.0,145.0,219.0,619.0
2009,SD,29.0,25.0,18.0,32.0,25.0,129.0
2009,TN,96.0,133.0,167.0,263.0,288.0,947.0
2009,TX,345.0,453.0,505.0,738.0,768.0,2809.0
2009,UT,55.0,109.0,91.0,113.0,81.0,449.0
2009,VT,,11.0,15.0,,42.0,87.0
2009,VA,84.0,130.0,203.0,253.0,293.0,963.0
2009,WA,100.0,137.0,151.0,225.0,308.0,921.0
2009,WV,25.0,49.0,39.0,54.0,86.0,253.0
2009,WI,76.0,95.0,142.0,196.0,215.0,724.0
2009,WY,15.0,19.0,24.0,24.0,29.0,111.0
2010,AL,63.0,114.0,117.0,168.0,217.0,679.0
2010,AK,39.0,29.0,19.0,42.0,35.0,164.0
2010,AZ,119.0,166.0,156.0,281.0,371.0,1093.0
2010,AR,48.0,71.0,96.0,103.0,129.0,447.0
2010,CA,376.0,485.0,604.0,,,3913.0
2010,CO,99.0,133.0,150.0,248.0,235.0,865.0
2010,CT,36.0,48.0,64.0,93.0,112.0,353.0
2010,DE,12.0,,20.0,,28.0,106.0
2010,FL,190.0,314.0,428.0,,,2789.0
2010,GA,121.0,161.0,199.0,282.0,370.0,1133.0
2010,HI,27.0,38.0,44.0,44.0,54.0,207.0
2010,ID,27.0,43.0,53.0,60.0,107.0,290.0
2010,IL,109.0,179.0,209.0,318.0,363.0,1178.0
2010,IN,85.0,134.0,140.0,241.0,264.0,864.0
2010,IA,36.0,54.0,63.0,108.0,111.0,372.0
2010,KS,46.0,79.0,57.0,119.0,100.0,401.0
2010,KY,47.0,99.0,121.0,171.0,193.0,631.0
2010,LA,57.0,102.0,99.0,131.0,168.0,557.0
2010,ME,19.0,22.0,28.0,60.0,57.0,186.0
2010,MD,53.0,76.0,72.0,143.0,158.0,502.0
2010,MA,67.0,96.0,118.0,147.0,170.0,598.0
2010,MI,135.0,171.0,237.0,340.0,380.0,1263.0
2010,MN,70.0,104.0,103.0,172.0,157.0,606.0
2010,MS,33.0,63.0,65.0,100.0,127.0,388.0
2010,MO,85.0,141.0,148.0,216.0,266.0,856.0
2010,MT,25.0,35.0,30.0,46.0,91.0,227.0
2010,NE,19.0,26.0,31.0,53.0,64.0,193.0
2010,NV,41.0,76.0,104.0,109.0,217.0,547.0
2010,NH,17.0,32.0,27.0,51.0,69.0,196.0
2010,NJ,74.0,77.0,123.0,214.0,231.0,719.0
2010,NM,43.0,81.0,70.0,99.0,120.0,413.0
2010,NY,154.0,208.0,283.0,428.0,474.0,1547.0
2010,NC,115.0,166.0,215.0,314.0,364.0,1174.0
2010,ND,19.0,15.0,19.0,26.0,27.0,106.0
2010,OH,165.0,250.0,247.0,347.0,430.0,1439.0
2010,OK,61.0,119.0,114.0,155.0,169.0,618.0
2010,OR,48.0,86.0,135.0,157.0,259.0,685.0
2010,PA,181.0,216.0,262.0,418.0,499.0,1576.0
2010,RI,10.0,18.0,38.0,37.0,26.0,129.0
2010,SC,65.0,100.0,111.0,159.0,202.0,637.0
2010,SD,23.0,22.0,23.0,40.0,32.0,140.0
2010,TN,89.0,178.0,179.0,225.0,272.0,943.0
2010,TX,348.0,476.0,516.0,695.0,856.0,2891.0
2010,UT,57.0,124.0,75.0,101.0,116.0,473.0
2010,VT,11.0,17.0,13.0,24.0,41.0,106.0
2010,VA,79.0,157.0,175.0,252.0,300.0,963.0
2010,WA,97.0,143.0,176.0,231.0,310.0,957.0
2010,WV,19.0,40.0,47.0,65.0,108.0,279.0
2010,WI,83.0,120.0,119.0,224.0,247.0,793.0
2010,WY,21.0,16.0,17.0,34.0,43.0,131.0
2011,AL,70.0,117.0,99.0,143.0,225.0,654.0
2011,AK,34.0,26.0,25.0,30.0,28.0,143.0
2011,AZ,119.0,174.0,197.0,285.0,385.0,1160.0
2011,AR,52.0,66.0,106.0,112.0,126.0,462.0
2011,CA,377.0,567.0,629.0,957.0,1466.0,3996.0
2011,CO,92.0,153.0,165.0,237.0,266.0,913.0
2011,CT,34.0,49.0,66.0,104.0,117.0,370.0
2011,DE,14.0,15.0,14.0,28.0,34.0,105.0
2011,FL,202.0,361.0,396.0,763.0,1158.0,2880.0
2011,GA,111.0,193.0,202.0,286.0,365.0,1157.0
2011,HI,32.0,30.0,29.0,34.0,56.0,181.0
2011,ID,35.0,33.0,53.0,79.0,81.0,281.0
2011,IL,139.0,207.0,181.0,344.0,355.0,1226.0
2011,IN,73.0,169.0,167.0,231.0,241.0,881.0
2011,IA,39.0,60.0,89.0,111.0,123.0,422.0
2011,KS,57.0,61.0,65.0,94.0,117.0,394.0
2011,KY,64.0,109.0,128.0,160.0,214.0,675.0
2011,LA,62.0,98.0,92.0,155.0,166.0,573.0
2011,ME,23.0,27.0,43.0,55.0,87.0,235.0
2011,MD,55.0,87.0,85.0,139.0,192.0,558.0
2011,MA,54.0,80.0,105.0,176.0,170.0,585.0
2011,MI,124.0,197.0,214.0,322.0,364.0,1221.0
2011,MN,74.0,111.0,114.0,165.0,219.0,683.0
2011,MS,35.0,70.0,66.0,84.0,134.0,389.0
2011,MO,98.0,146.0,165.0,250.0,274.0,933.0
2011,MT,23.0,42.0,34.0,57.0,76.0,232.0
2011,NE,21.0,32.0,34.0,44.0,62.0,193.0
2011,NV,45.0,63.0,79.0,135.0,194.0,516.0
2011,NH,22.0,19.0,31.0,61.0,65.0,198.0
2011,NJ,61.0,87.0,129.0,174.0,238.0,689.0
2011,NM,44.0,79.0,73.0,99.0,125.0,420.0
2011,NY,181.0,252.0,279.0,418.0,528.0,1658.0
2011,NC,126.0,191.0,212.0,294.0,390.0,1213.0
2011,ND,12.0,13.0,14.0,32.0,35.0,106.0
2011,OH,157.0,234.0,232.0,394.0,448.0,1465.0
2011,OK,76.0,120.0,128.0,177.0,192.0,693.0
2011,OR,56.0,104.0,130.0,148.0,218.0,656.0
2011,PA,165.0,255.0,295.0,471.0,561.0,1747.0
2011,RI,,12.0,13.0,,35.0,101.0
2011,SC,63.0,107.0,93.0,171.0,224.0,658.0
2011,SD,22.0,20.0,22.0,27.0,37.0,128.0
2011,TN,77.0,150.0,167.0,232.0,329.0,955.0
2011,TX,320.0,481.0,520.0,708.0,867.0,2896.0
2011,UT,60.0,99.0,81.0,130.0,132.0,502.0
2011,VT,13.0,17.0,14.0,31.0,45.0,120.0
2011,VA,112.0,153.0,164.0,270.0,355.0,1054.0
2011,WA,101.0,165.0,159.0,224.0,372.0,1021.0
2011,WV,33.0,45.0,57.0,72.0,99.0,306.0
2011,WI,94.0,124.0,116.0,207.0,204.0,745.0
2011,WY,14.0,22.0,21.0,37.0,38.0,132.0
2012,AL,54.0,106.0,136.0,177.0,251.0,724.0
2012,AK,33.0,40.0,28.0,36.0,31.0,168.0
2012,AZ,110.0,187.0,165.0,272.0,422.0,1156.0
2012,AR,48.0,78.0,84.0,115.0,160.0,485.0
2012,CA,357.0,543.0,612.0,887.0,1494.0,3893.0
2012,CO,108.0,186.0,176.0,266.0,316.0,1052.0
2012,CT,27.0,48.0,73.0,104.0,116.0,368.0
2012,DE,11.0,27.0,12.0,39.0,36.0,125.0
2012,FL,227.0,318.0,469.0,730.0,1258.0,3002.0
2012,GA,105.0,207.0,194.0,278.0,384.0,1168.0
2012,HI,20.0,31.0,30.0,42.0,67.0,190.0
2012,ID,40.0,38.0,47.0,87.0,85.0,297.0
2012,IL,120.0,189.0,241.0,334.0,408.0,1292.0
2012,IN,99.0,142.0,176.0,241.0,282.0,940.0
2012,IA,46.0,67.0,73.0,97.0,100.0,383.0
2012,KS,64.0,86.0,79.0,129.0,144.0,502.0
2012,KY,81.0,118.0,127.0,171.0,227.0,724.0
2012,LA,51.0,98.0,113.0,132.0,173.0,567.0
2012,ME,18.0,17.0,34.0,66.0,74.0,209.0
2012,MD,60.0,77.0,93.0,151.0,202.0,583.0
2012,MA,63.0,91.0,113.0,165.0,172.0,604.0
2012,MI,143.0,191.0,213.0,333.0,381.0,1261.0
2012,MN,65.0,89.0,128.0,177.0,197.0,656.0
2012,MS,36.0,65.0,84.0,101.0,124.0,410.0
2012,MO,101.0,152.0,154.0,212.0,295.0,914.0
2012,MT,20.0,49.0,39.0,42.0,83.0,233.0
2012,NE,28.0,35.0,37.0,54.0,78.0,232.0
2012,NV,34.0,74.0,93.0,122.0,201.0,524.0
2012,NH,12.0,27.0,31.0,70.0,62.0,202.0
2012,NJ,81.0,97.0,129.0,163.0,213.0,683.0
2012,NM,50.0,67.0,76.0,112.0,137.0,442.0
2012,NY,173.0,254.0,254.0,447.0,580.0,1708.0
2012,NC,119.0,194.0,184.0,349.0,440.0,1286.0
2012,ND,17.0,18.0,20.0,27.0,23.0,105.0
2012,OH,144.0,236.0,258.0,383.0,521.0,1542.0
2012,OK,85.0,120.0,124.0,135.0,206.0,670.0
2012,OR,52.0,110.0,101.0,210.0,251.0,724.0
2012,PA,167.0,242.0,276.0,409.0,553.0,1647.0
2012,RI,,17.0,16.0,,30.0,105.0
2012,SC,59.0,101.0,97.0,172.0,244.0,673.0
2012,SD,19.0,26.0,18.0,39.0,39.0,141.0
2012,TN,76.0,144.0,160.0,243.0,355.0,978.0
2012,TX,359.0,515.0,519.0,702.0,942.0,3037.0
2012,UT,65.0,114.0,102.0,145.0,124.0,550.0
2012,VT,,13.0,13.0,,29.0,87.0
2012,VA,109.0,171.0,190.0,244.0,349.0,1063.0
2012,WA,106.0,177.0,155.0,251.0,349.0,1038.0
2012,WV,32.0,53.0,60.0,80.0,101.0,326.0
2012,WI,82.0,127.0,116.0,192.0,206.0,723.0
2012,WY,18.0,37.0,27.0,40.0,49.0,171.0
2013,AL,67.0,110.0,112.0,163.0,269.0,721.0
2013,AK,37.0,49.0,21.0,33.0,31.0,171.0
2013,AZ,114.0,168.0,205.0,273.0,403.0,1163.0
2013,AR,57.0,80.0,82.0,134.0,163.0,516.0
2013,CA,390.0,573.0,598.0,900.0,1564.0,4025.0
2013,CO,104.0,159.0,150.0,266.0,328.0,1007.0
2013,CT,21.0,42.0,63.0,86.0,118.0,330.0
2013,DE,11.0,18.0,15.0,34.0,44.0,122.0
2013,FL,201.0,346.0,429.0,699.0,1253.0,2928.0
2013,GA,123.0,205.0,206.0,298.0,380.0,1212.0
2013,HI,28.0,29.0,26.0,37.0,51.0,171.0
2013,ID,37.0,49.0,41.0,77.0,104.0,308.0
2013,IL,132.0,206.0,200.0,347.0,436.0,1321.0
2013,IN,96.0,165.0,169.0,222.0,292.0,944.0
2013,IA,49.0,75.0,76.0,110.0,137.0,447.0
2013,KS,44.0,64.0,67.0,109.0,141.0,425.0
2013,KY,77.0,112.0,115.0,166.0,231.0,701.0
2013,LA,60.0,95.0,84.0,140.0,204.0,583.0
2013,ME,23.0,30.0,41.0,60.0,91.0,245.0
2013,MD,70.0,93.0,79.0,143.0,184.0,569.0
2013,MA,64.0,94.0,103.0,140.0,171.0,572.0
2013,MI,133.0,189.0,231.0,332.0,410.0,1295.0
2013,MN,70.0,117.0,92.0,179.0,220.0,678.0
2013,MS,37.0,58.0,77.0,92.0,124.0,388.0
2013,MO,89.0,147.0,179.0,228.0,317.0,960.0
2013,MT,31.0,42.0,38.0,54.0,78.0,243.0
2013,NE,23.0,34.0,33.0,54.0,76.0,220.0
2013,NV,37.0,95.0,66.0,137.0,206.0,541.0
2013,NH,15.0,25.0,25.0,57.0,63.0,185.0
2013,NJ,73.0,105.0,108.0,203.0,268.0,757.0
2013,NM,45.0,71.0,70.0,87.0,158.0,431.0
2013,NY,156.0,265.0,254.0,404.0,608.0,1687.0
2013,NC,111.0,183.0,215.0,324.0,451.0,1284.0
2013,ND,30.0,26.0,20.0,23.0,29.0,128.0
2013,OH,147.0,248.0,257.0,351.0,523.0,1526.0
2013,OK,62.0,121.0,104.0,162.0,216.0,665.0
2013,OR,63.0,98.0,102.0,160.0,275.0,698.0
2013,PA,171.0,235.0,282.0,465.0,635.0,1788.0
2013,RI,,22.0,26.0,,45.0,132.0
2013,SC,69.0,104.0,107.0,152.0,264.0,696.0
2013,SD,22.0,20.0,28.0,45.0,32.0,147.0
2013,TN,93.0,146.0,188.0,231.0,372.0,1030.0
2013,TX,333.0,550.0,491.0,710.0,975.0,3059.0
2013,UT,63.0,122.0,110.0,132.0,152.0,579.0
2013,VT,,,23.0,,45.0,112.0
2013,VA,104.0,172.0,188.0,242.0,366.0,1072.0
2013,WA,106.0,173.0,142.0,220.0,386.0,1027.0
2013,WV,15.0,47.0,57.0,75.0,129.0,323.0
2013,WI,82.0,144.0,130.0,223.0,271.0,850.0
2013,WY,19.0,17.0,19.0,26.0,48.0,129.0
2014,AL,59.0,117.0,142.0,153.0,244.0,715.0
2014,AK,32.0,44.0,25.0,35.0,31.0,167.0
2014,AZ,116.0,191.0,190.0,264.0,483.0,1244.0
2014,AR,50.0,84.0,100.0,112.0,169.0,515.0
2014,CA,357.0,606.0,604.0,967.0,1680.0,4214.0
2014,CO,109.0,175.0,198.0,243.0,358.0,1083.0
2014,CT,40.0,29.0,53.0,111.0,146.0,379.0
2014,DE,,19.0,24.0,,45.0,126.0
2014,FL,227.0,379.0,397.0,667.0,1365.0,3035.0
2014,GA,124.0,195.0,218.0,328.0,430.0,1295.0
2014,HI,22.0,39.0,28.0,45.0,70.0,204.0
2014,ID,35.0,47.0,60.0,76.0,102.0,320.0
2014,IL,146.0,221.0,211.0,341.0,479.0,1398.0
2014,IN,98.0,175.0,160.0,220.0,295.0,948.0
2014,IA,56.0,60.0,59.0,107.0,125.0,407.0
2014,KS,47.0,74.0,74.0,106.0,154.0,455.0
2014,KY,63.0,108.0,132.0,161.0,264.0,728.0
2014,LA,68.0,117.0,100.0,165.0,229.0,679.0
2014,ME,23.0,35.0,27.0,57.0,78.0,220.0
2014,MD,64.0,75.0,106.0,129.0,232.0,606.0
2014,MA,44.0,102.0,80.0,176.0,194.0,596.0
2014,MI,157.0,213.0,209.0,324.0,451.0,1354.0
2014,MN,76.0,105.0,109.0,175.0,221.0,686.0
2014,MS,41.0,67.0,61.0,77.0,134.0,380.0
2014,MO,84.0,155.0,164.0,252.0,362.0,1017.0
2014,MT,26.0,31.0,43.0,56.0,95.0,251.0
2014,NE,26.0,55.0,40.0,56.0,74.0,251.0
2014,NV,46.0,89.0,86.0,121.0,231.0,573.0
2014,NH,27.0,49.0,35.0,57.0,79.0,247.0
2014,NJ,72.0,118.0,114.0,221.0,261.0,786.0
2014,NM,55.0,77.0,59.0,86.0,172.0,449.0
2014,NY,157.0,275.0,247.0,443.0,578.0,1700.0
2014,NC,130.0,200.0,221.0,290.0,511.0,1352.0
2014,ND,25.0,21.0,17.0,34.0,40.0,137.0
2014,OH,138.0,221.0,258.0,356.0,518.0,1491.0
2014,OK,80.0,123.0,132.0,175.0,226.0,736.0
2014,OR,73.0,109.0,123.0,163.0,314.0,782.0
2014,PA,154.0,238.0,262.0,470.0,693.0,1817.0
2014,RI,10.0,20.0,12.0,35.0,36.0,113.0
2014,SC,68.0,108.0,125.0,179.0,273.0,753.0
2014,SD,26.0,24.0,23.0,37.0,31.0,141.0
2014,TN,101.0,129.0,179.0,242.0,346.0,997.0
2014,TX,365.0,581.0,528.0,775.0,1005.0,3254.0
2014,UT,74.0,98.0,110.0,130.0,147.0,559.0
2014,VT,15.0,16.0,17.0,31.0,45.0,124.0
2014,VA,110.0,180.0,162.0,262.0,409.0,1123.0
2014,WA,103.0,186.0,186.0,261.0,383.0,1119.0
2014,WV,35.0,53.0,44.0,84.0,143.0,359.0
2014,WI,94.0,114.0,129.0,195.0,237.0,769.0
2014,WY,14.0,20.0,22.0,28.0,36.0,120.0
2015,AL,75.0,118.0,126.0,153.0,278.0,750.0
2015,AK,50.0,38.0,31.0,48.0,34.0,201.0
2015,AZ,123.0,210.0,185.0,277.0,481.0,1276.0
2015,AR,46.0,103.0,101.0,129.0,198.0,577.0
2015,CA,406.0,625.0,609.0,886.0,1641.0,4167.0
2015,CO,130.0,187.0,162.0,267.0,347.0,1093.0
2015,CT,26.0,49.0,51.0,115.0,143.0,384.0
2015,DE,17.0,21.0,18.0,27.0,39.0,122.0
2015,FL,244.0,403.0,421.0,710.0,1427.0,3205.0
2015,GA,147.0,210.0,202.0,313.0,445.0,1317.0
2015,HI,35.0,32.0,28.0,35.0,71.0,201.0
2015,ID,38.0,62.0,68.0,81.0,110.0,359.0
2015,IL,151.0,195.0,225.0,345.0,447.0,1363.0
2015,IN,103.0,169.0,170.0,220.0,298.0,960.0
2015,IA,57.0,74.0,69.0,106.0,127.0,433.0
2015,KS,53.0,96.0,67.0,108.0,153.0,477.0
2015,KY,79.0,115.0,134.0,175.0,273.0,776.0
2015,LA,69.0,136.0,122.0,145.0,250.0,722.0
2015,ME,14.0,29.0,29.0,64.0,99.0,235.0
2015,MD,48.0,98.0,80.0,130.0,197.0,553.0
2015,MA,67.0,108.0,93.0,175.0,199.0,642.0
2015,MI,158.0,216.0,222.0,328.0,486.0,1410.0
2015,MN,95.0,136.0,124.0,166.0,209.0,730.0
2015,MS,51.0,62.0,61.0,95.0,162.0,431.0
2015,MO,108.0,163.0,192.0,240.0,349.0,1052.0
2015,MT,22.0,41.0,39.0,61.0,109.0,272.0
2015,NE,41.0,35.0,33.0,55.0,59.0,223.0
2015,NV,47.0,83.0,83.0,128.0,217.0,558.0
2015,NH,17.0,29.0,44.0,62.0,76.0,228.0
2015,NJ,74.0,104.0,127.0,188.0,296.0,789.0
2015,NM,63.0,85.0,76.0,105.0,171.0,500.0
2015,NY,153.0,245.0,243.0,397.0,614.0,1652.0
2015,NC,130.0,186.0,220.0,343.0,527.0,1406.0
2015,ND,11.0,33.0,30.0,24.0,26.0,124.0
2015,OH,174.0,259.0,269.0,386.0,562.0,1650.0
2015,OK,76.0,145.0,145.0,173.0,251.0,790.0
2015,OR,70.0,113.0,113.0,156.0,310.0,762.0
2015,PA,178.0,272.0,283.0,444.0,717.0,1894.0
2015,RI,11.0,15.0,21.0,32.0,48.0,127.0
2015,SC,76.0,122.0,123.0,178.0,243.0,742.0
2015,SD,28.0,36.0,21.0,45.0,43.0,173.0
2015,TN,98.0,164.0,171.0,243.0,392.0,1068.0
2015,TX,392.0,613.0,583.0,772.0,1043.0,3403.0
2015,UT,79.0,126.0,133.0,151.0,141.0,630.0
2015,VT,14.0,15.0,10.0,18.0,46.0,103.0
2015,VA,116.0,177.0,169.0,254.0,402.0,1118.0
2015,WA,106.0,178.0,180.0,279.0,394.0,1137.0
2015,WV,22.0,45.0,60.0,72.0,141.0,340.0
2015,WI,95.0,137.0,133.0,214.0,298.0,877.0
2015,WY,19.0,31.0,31.0,31.0,45.0,157.0
2016,AL,79.0,130.0,116.0,178.0,285.0,788.0
2016,AK,39.0,51.0,35.0,36.0,32.0,193.0
2016,AZ,126.0,207.0,163.0,268.0,507.0,1271.0
2016,AR,47.0,100.0,98.0,99.0,211.0,555.0
2016,CA,390.0,685.0,628.0,913.0,1678.0,4294.0
2016,CO,122.0,222.0,193.0,269.0,362.0,1168.0
2016,CT,29.0,54.0,47.0,97.0,170.0,397.0
2016,DE,11.0,17.0,12.0,27.0,52.0,119.0
2016,FL,219.0,418.0,441.0,663.0,1402.0,3143.0
2016,GA,177.0,232.0,205.0,339.0,456.0,1409.0
2016,HI,25.0,41.0,33.0,28.0,47.0,174.0
2016,ID,40.0,35.0,67.0,95.0,114.0,351.0
2016,IL,138.0,212.0,250.0,323.0,492.0,1415.0
2016,IN,124.0,162.0,171.0,242.0,335.0,1034.0
2016,IA,50.0,82.0,74.0,117.0,128.0,451.0
2016,KS,61.0,107.0,91.0,104.0,151.0,514.0
2016,KY,75.0,123.0,125.0,185.0,248.0,756.0
2016,LA,80.0,131.0,107.0,137.0,222.0,677.0
2016,ME,29.0,28.0,33.0,44.0,92.0,226.0
2016,MD,55.0,94.0,86.0,139.0,212.0,586.0
2016,MA,68.0,108.0,102.0,142.0,211.0,631.0
2016,MI,160.0,201.0,210.0,315.0,478.0,1364.0
2016,MN,78.0,136.0,119.0,173.0,239.0,745.0
2016,MS,48.0,69.0,62.0,77.0,127.0,383.0
2016,MO,132.0,213.0,179.0,258.0,351.0,1133.0
2016,MT,30.0,59.0,44.0,55.0,79.0,267.0
2016,NE,35.0,52.0,37.0,56.0,66.0,246.0
2016,NV,46.0,97.0,104.0,138.0,265.0,650.0
2016,NH,25.0,28.0,43.0,52.0,96.0,244.0
2016,NJ,65.0,92.0,97.0,176.0,257.0,687.0
2016,NM,44.0,85.0,83.0,92.0,167.0,471.0
2016,NY,162.0,246.0,267.0,395.0,609.0,1679.0
2016,NC,144.0,190.0,229.0,305.0,505.0,1373.0
2016,ND,22.0,29.0,22.0,36.0,31.0,140.0
2016,OH,163.0,303.0,251.0,357.0,633.0,1707.0
2016,OK,102.0,155.0,141.0,170.0,254.0,822.0
2016,OR,70.0,95.0,121.0,171.0,315.0,772.0
2016,PA,181.0,294.0,291.0,470.0,734.0,1970.0
2016,RI,10.0,16.0,21.0,32.0,47.0,126.0
2016,SC,88.0,120.0,113.0,189.0,305.0,815.0
2016,SD,29.0,28.0,39.0,30.0,37.0,163.0
2016,TN,93.0,184.0,186.0,265.0,383.0,1111.0
2016,TX,422.0,667.0,567.0,776.0,1056.0,3488.0
2016,UT,79.0,122.0,129.0,142.0,148.0,620.0
2016,VT,,22.0,14.0,,50.0,118.0
2016,VA,131.0,203.0,164.0,239.0,429.0,1166.0
2016,WA,127.0,192.0,163.0,232.0,427.0,1141.0
2016,WV,29.0,60.0,80.0,61.0,132.0,362.0
2016,WI,108.0,134.0,143.0,204.0,277.0,866.0
2016,WY,11.0,21.0,28.0,35.0,49.0,144.0
2017,AL,83.0,124.0,148.0,172.0,309.0,836.0
2017,AK,36.0,54.0,26.0,37.0,47.0,200.0
2017,AZ,132.0,245.0,183.0,237.0,530.0,1327.0
2017,AR,70.0,106.0,101.0,140.0,214.0,631.0
2017,CA,435.0,715.0,617.0,883.0,1662.0,4312.0
2017,CO,121.0,228.0,193.0,282.0,357.0,1181.0
2017,CT,43.0,49.0,57.0,99.0,157.0,405.0
2017,DE,12.0,17.0,20.0,29.0,34.0,112.0
2017,FL,237.0,436.0,403.0,691.0,1460.0,3227.0
2017,GA,155.0,259.0,228.0,320.0,489.0,1451.0
2017,HI,31.0,49.0,32.0,37.0,78.0,227.0
2017,ID,39.0,70.0,67.0,86.0,130.0,392.0
2017,IL,162.0,252.0,251.0,315.0,494.0,1474.0
2017,IN,133.0,205.0,184.0,250.0,320.0,1092.0
2017,IA,58.0,84.0,75.0,99.0,163.0,479.0
2017,KS,68.0,104.0,92.0,124.0,165.0,553.0
2017,KY,66.0,125.0,137.0,180.0,262.0,770.0
2017,LA,74.0,142.0,114.0,171.0,219.0,720.0
2017,ME,17.0,39.0,37.0,59.0,122.0,274.0
2017,MD,61.0,121.0,74.0,144.0,230.0,630.0
2017,MA,65.0,128.0,115.0,157.0,217.0,682.0
2017,MI,152.0,229.0,216.0,334.0,526.0,1457.0
2017,MN,89.0,133.0,129.0,176.0,256.0,783.0
2017,MS,46.0,70.0,84.0,103.0,142.0,445.0
2017,MO,136.0,194.0,186.0,250.0,385.0,1151.0
2017,MT,38.0,56.0,46.0,54.0,117.0,311.0
2017,NE,41.0,42.0,55.0,58.0,79.0,275.0
2017,NV,62.0,98.0,93.0,134.0,240.0,627.0
2017,NH,38.0,42.0,38.0,62.0,85.0,265.0
2017,NJ,81.0,113.0,105.0,213.0,283.0,795.0
2017,NM,67.0,84.0,67.0,114.0,159.0,491.0
2017,NY,162.0,291.0,264.0,398.0,581.0,1696.0
2017,NC,156.0,256.0,242.0,319.0,548.0,1521.0
2017,ND,26.0,49.0,14.0,34.0,31.0,154.0
2017,OH,190.0,296.0,300.0,387.0,567.0,1740.0
2017,OK,111.0,146.0,125.0,138.0,236.0,756.0
2017,OR,76.0,123.0,131.0,181.0,314.0,825.0
2017,PA,213.0,290.0,291.0,463.0,773.0,2030.0
2017,RI,13.0,19.0,22.0,35.0,40.0,129.0
2017,SC,82.0,139.0,140.0,188.0,289.0,838.0
2017,SD,28.0,35.0,27.0,50.0,51.0,191.0
2017,TN,95.0,186.0,202.0,262.0,421.0,1166.0
2017,TX,467.0,713.0,619.0,827.0,1152.0,3778.0
2017,UT,93.0,124.0,135.0,156.0,155.0,663.0
2017,VT,10.0,20.0,25.0,26.0,31.0,112.0
2017,VA,129.0,204.0,183.0,249.0,414.0,1179.0
2017,WA,158.0,190.0,197.0,271.0,481.0,1297.0
2017,WV,27.0,62.0,71.0,91.0,142.0,393.0
2017,WI,87.0,159.0,139.0,211.0,330.0,926.0
2017,WY,17.0,22.0,27.0,38.0,53.0,157.0
2018,AL,88.0,148.0,151.0,151.0,285.0,823.0
2018,AK,34.0,48.0,22.0,35.0,45.0,184.0
2018,AZ,154.0,233.0,202.0,277.0,572.0,1438.0
2018,AR,55.0,104.0,96.0,117.0,182.0,554.0
2018,CA,427.0,726.0,662.0,909.0,1767.0,4491.0
2018,CO,145.0,248.0,222.0,286.0,381.0,1282.0
2018,CT,34.0,46.0,52.0,102.0,185.0,419.0
2018,DE,18.0,29.0,,,34.0,113.0
2018,FL,243.0,428.0,504.0,684.0,1708.0,3567.0
2018,GA,166.0,283.0,256.0,333.0,531.0,1569.0
2018,HI,19.0,32.0,30.0,30.0,65.0,176.0
2018,ID,61.0,65.0,54.0,101.0,136.0,417.0
2018,IL,144.0,257.0,263.0,319.0,505.0,1488.0
2018,IN,126.0,182.0,187.0,241.0,343.0,1079.0
2018,IA,57.0,88.0,79.0,103.0,163.0,490.0
2018,KS,81.0,104.0,105.0,103.0,163.0,556.0
2018,KY,89.0,120.0,131.0,177.0,283.0,800.0
2018,LA,76.0,130.0,116.0,143.0,255.0,720.0
2018,ME,24.0,37.0,34.0,55.0,120.0,270.0
2018,MD,70.0,91.0,99.0,131.0,259.0,650.0
2018,MA,65.0,121.0,100.0,173.0,281.0,740.0
2018,MI,172.0,259.0,235.0,337.0,545.0,1548.0
2018,MN,84.0,147.0,116.0,179.0,213.0,739.0
2018,MS,51.0,62.0,74.0,70.0,164.0,421.0
2018,MO,121.0,218.0,186.0,265.0,440.0,1230.0
2018,MT,33.0,45.0,43.0,55.0,89.0,265.0
2018,NE,29.0,53.0,25.0,54.0,110.0,271.0
2018,NV,50.0,99.0,106.0,149.0,253.0,657.0
2018,NH,27.0,35.0,38.0,77.0,102.0,279.0
2018,NJ,79.0,112.0,111.0,192.0,284.0,778.0
2018,NM,63.0,108.0,77.0,101.0,187.0,536.0
2018,NY,162.0,282.0,254.0,369.0,656.0,1723.0
2018,NC,150.0,219.0,219.0,343.0,563.0,1494.0
2018,ND,20.0,38.0,21.0,29.0,39.0,147.0
2018,OH,187.0,295.0,299.0,382.0,675.0,1838.0
2018,OK,77.0,156.0,136.0,161.0,260.0,790.0
2018,OR,90.0,135.0,115.0,174.0,330.0,844.0
2018,PA,191.0,308.0,290.0,424.0,801.0,2014.0
2018,RI,,16.0,23.0,,44.0,106.0
2018,SC,93.0,142.0,124.0,161.0,291.0,811.0
2018,SD,26.0,36.0,17.0,44.0,44.0,167.0
2018,TN,100.0,197.0,190.0,258.0,416.0,1161.0
2018,TX,446.0,776.0,642.0,854.0,1212.0,3930.0
2018,UT,93.0,127.0,159.0,144.0,142.0,665.0
2018,VT,10.0,21.0,19.0,27.0,48.0,125.0
2018,VA,164.0,164.0,208.0,242.0,465.0,1243.0
2018,WA,144.0,189.0,181.0,258.0,480.0,1252.0
2018,WV,34.0,62.0,66.0,90.0,143.0,395.0
2018,WI,79.0,167.0,136.0,191.0,315.0,888.0
2018,WY,20.0,20.0,28.0,26.0,53.0,147.0
2019,AL,79.0,129.0,157.0,162.0,277.0,804.0
2019,AK,40.0,51.0,30.0,45.0,44.0,210.0
2019,AZ,133.0,259.0,188.0,271.0,568.0,1419.0
2019,AR,77.0,94.0,85.0,106.0,186.0,548.0
2019,CA,417.0,775.0,664.0,842.0,1738.0,4436.0
2019,CO,145.0,267.0,229.0,270.0,401.0,1312.0
2019,CT,38.0,71.0,54.0,102.0,170.0,435.0
2019,DE,,19.0,20.0,,38.0,111.0
2019,FL,242.0,455.0,420.0,693.0,1655.0,3465.0
2019,GA,159.0,292.0,267.0,356.0,511.0,1585.0
2019,HI,20.0,48.0,36.0,49.0,71.0,224.0
2019,ID,44.0,53.0,65.0,66.0,137.0,365.0
2019,IL,126.0,242.0,229.0,312.0,530.0,1439.0
2019,IN,102.0,182.0,153.0,197.0,338.0,972.0
2019,IA,58.0,104.0,88.0,105.0,173.0,528.0
2019,KS,65.0,104.0,106.0,92.0,156.0,523.0
2019,KY,70.0,125.0,147.0,143.0,271.0,756.0
2019,LA,76.0,103.0,127.0,159.0,239.0,704.0
2019,ME,20.0,41.0,40.0,67.0,108.0,276.0
2019,MD,65.0,112.0,97.0,131.0,252.0,657.0
2019,MA,58.0,103.0,98.0,133.0,255.0,647.0
2019,MI,137.0,252.0,217.0,328.0,538.0,1472.0
2019,MN,91.0,145.0,136.0,177.0,281.0,830.0
2019,MS,40.0,84.0,78.0,75.0,159.0,436.0
2019,MO,136.0,192.0,191.0,227.0,395.0,1141.0
2019,MT,40.0,49.0,39.0,52.0,109.0,289.0
2019,NE,35.0,42.0,62.0,64.0,106.0,309.0
2019,NV,53.0,114.0,87.0,122.0,266.0,642.0
2019,NH,27.0,48.0,32.0,48.0,100.0,255.0
2019,NJ,65.0,112.0,118.0,162.0,305.0,762.0
2019,NM,66.0,96.0,75.0,98.0,178.0,513.0
2019,NY,192.0,274.0,258.0,350.0,631.0,1705.0
2019,NC,157.0,214.0,226.0,272.0,489.0,1358.0
2019,ND,12.0,30.0,20.0,36.0,38.0,136.0
2019,OH,186.0,305.0,304.0,373.0,638.0,1806.0
2019,OK,90.0,141.0,144.0,167.0,274.0,816.0
2019,OR,98.0,152.0,130.0,186.0,340.0,906.0
2019,PA,152.0,300.0,290.0,402.0,752.0,1896.0
2019,RI,,25.0,16.0,,52.0,123.0
2019,SC,84.0,146.0,137.0,183.0,302.0,852.0
2019,SD,29.0,38.0,23.0,42.0,50.0,182.0
2019,TN,118.0,198.0,209.0,234.0,460.0,1219.0
2019,TX,491.0,717.0,666.0,798.0,1219.0,3891.0
2019,UT,107.0,122.0,140.0,132.0,153.0,654.0
2019,VT,,21.0,13.0,,50.0,110.0
2019,VA,131.0,198.0,168.0,224.0,419.0,1140.0
2019,WA,120.0,201.0,197.0,263.0,482.0,1263.0
2019,WV,31.0,59.0,73.0,55.0,112.0,330.0
2019,WI,92.0,124.0,134.0,175.0,320.0,845.0
2019,WY,15.0,24.0,32.0,37.0,62.0,170.0
2020,AL,82.0,159.0,145.0,137.0,270.0,793.0
2020,AK,39.0,55.0,24.0,36.0,50.0,204.0
2020,AZ,152.0,250.0,188.0,249.0,524.0,1363.0
2020,AR,61.0,119.0,99.0,106.0,198.0,583.0
2020,CA,389.0,792.0,608.0,756.0,1599.0,4144.0
2020,CO,147.0,269.0,212.0,258.0,416.0,1302.0
2020,CT,23.0,49.0,46.0,81.0,165.0,364.0
2020,DE,10.0,23.0,23.0,20.0,48.0,124.0
2020,FL,257.0,475.0,402.0,558.0,1443.0,3135.0
2020,GA,197.0,286.0,254.0,286.0,468.0,1491.0
2020,HI,22.0,27.0,39.0,33.0,63.0,184.0
2020,ID,46.0,82.0,75.0,87.0,129.0,419.0
2020,IL,153.0,246.0,223.0,297.0,443.0,1362.0
2020,IN,124.0,203.0,162.0,207.0,328.0,1024.0
2020,IA,60.0,103.0,115.0,114.0,160.0,552.0
2020,KS,77.0,115.0,85.0,107.0,147.0,531.0
2020,KY,89.0,142.0,149.0,146.0,275.0,801.0
2020,LA,63.0,128.0,100.0,146.0,205.0,642.0
2020,ME,20.0,34.0,39.0,42.0,99.0,234.0
2020,MD,50.0,110.0,91.0,108.0,226.0,585.0
2020,MA,57.0,100.0,96.0,139.0,226.0,618.0
2020,MI,157.0,240.0,214.0,288.0,545.0,1444.0
2020,MN,76.0,142.0,128.0,143.0,269.0,758.0
2020,MS,42.0,93.0,75.0,73.0,127.0,410.0
2020,MO,137.0,216.0,191.0,225.0,356.0,1125.0
2020,MT,37.0,51.0,34.0,49.0,129.0,300.0
2020,NE,30.0,60.0,56.0,52.0,85.0,283.0
2020,NV,62.0,88.0,84.0,115.0,254.0,603.0
2020,NH,24.0,43.0,34.0,53.0,80.0,234.0
2020,NJ,58.0,114.0,85.0,138.0,284.0,679.0
2020,NM,67.0,106.0,73.0,102.0,168.0,516.0
2020,NY,146.0,278.0,277.0,315.0,626.0,1642.0
2020,NC,158.0,262.0,221.0,316.0,484.0,1441.0
2020,ND,10.0,33.0,32.0,26.0,34.0,135.0
2020,OH,193.0,302.0,254.0,323.0,572.0,1644.0
2020,OK,111.0,161.0,162.0,161.0,274.0,869.0
2020,OR,77.0,139.0,132.0,148.0,337.0,833.0
2020,PA,151.0,295.0,254.0,318.0,676.0,1694.0
2020,RI,,19.0,17.0,,33.0,94.0
2020,SC,115.0,152.0,137.0,167.0,297.0,868.0
2020,SD,30.0,40.0,27.0,32.0,57.0,186.0
2020,TN,108.0,221.0,205.0,250.0,436.0,1220.0
2020,TX,519.0,786.0,705.0,780.0,1134.0,3924.0
2020,UT,89.0,155.0,106.0,151.0,150.0,651.0
2020,VT,13.0,23.0,15.0,24.0,42.0,117.0
2020,VA,159.0,203.0,177.0,234.0,429.0,1202.0
2020,WA,128.0,216.0,200.0,243.0,425.0,1212.0
2020,WV,35.0,66.0,63.0,62.0,128.0,354.0
2020,WI,104.0,138.0,148.0,171.0,305.0,866.0
2020,WY,19.0,38.0,25.0,31.0,69.0,182.0
2021,AL,75.0,162.0,115.0,171.0,304.0,827.0
2021,AK,50.0,52.0,52.0,28.0,38.0,220.0
2021,AZ,167.0,283.0,227.0,240.0,557.0,1474.0
2021,AR,59.0,117.0,131.0,113.0,198.0,618.0
2021,CA,414.0,787.0,688.0,,,2640.0
2021,CO,152.0,280.0,237.0,253.0,462.0,1384.0
2021,CT,44.0,56.0,45.0,65.0,191.0,401.0
2021,DE,19.0,22.0,21.0,28.0,47.0,137.0
2021,FL,274.0,485.0,472.0,,,1801.0
2021,GA,208.0,313.0,274.0,360.0,521.0,1676.0
2021,HI,21.0,37.0,40.0,33.0,71.0,202.0
2021,ID,36.0,88.0,67.0,81.0,115.0,387.0
2021,IL,157.0,275.0,225.0,305.0,492.0,1454.0
2021,IN,141.0,214.0,200.0,202.0,372.0,1129.0
2021,IA,56.0,96.0,115.0,114.0,168.0,549.0
2021,KS,79.0,123.0,100.0,105.0,153.0,560.0
2021,KY,96.0,140.0,146.0,160.0,274.0,816.0
2021,LA,74.0,117.0,136.0,142.0,220.0,689.0
2021,ME,18.0,54.0,49.0,55.0,101.0,277.0
2021,MD,72.0,99.0,96.0,123.0,230.0,620.0
2021,MA,53.0,105.0,95.0,104.0,247.0,604.0
2021,MI,160.0,279.0,227.0,267.0,552.0,1485.0
2021,MN,89.0,165.0,135.0,154.0,265.0,808.0
2021,MS,52.0,95.0,78.0,96.0,159.0,480.0
2021,MO,140.0,256.0,184.0,206.0,391.0,1177.0
2021,MT,46.0,58.0,65.0,73.0,108.0,350.0
2021,NE,30.0,64.0,48.0,67.0,79.0,288.0
2021,NV,79.0,106.0,108.0,140.0,258.0,691.0
2021,NH,19.0,34.0,31.0,52.0,87.0,223.0
2021,NJ,74.0,97.0,108.0,146.0,263.0,688.0
2021,NM,72.0,112.0,85.0,96.0,168.0,533.0
2021,NY,138.0,323.0,253.0,342.0,604.0,1660.0
2021,NC,189.0,256.0,201.0,285.0,517.0,1448.0
2021,ND,25.0,31.0,30.0,34.0,36.0,156.0
2021,OH,200.0,336.0,292.0,321.0,617.0,1766.0
2021,OK,113.0,149.0,174.0,163.0,278.0,877.0
2021,OR,79.0,162.0,137.0,158.0,353.0,889.0
2021,PA,166.0,319.0,303.0,380.0,717.0,1885.0
2021,RI,11.0,14.0,22.0,30.0,40.0,117.0
2021,SC,102.0,135.0,126.0,164.0,275.0,802.0
2021,SD,42.0,44.0,21.0,44.0,52.0,203.0
2021,TN,121.0,251.0,188.0,243.0,419.0,1222.0
2021,TX,571.0,824.0,722.0,,,2943.0
2021,UT,96.0,116.0,129.0,143.0,159.0,643.0
2021,VT,,26.0,19.0,,62.0,142.0
2021,VA,163.0,201.0,187.0,214.0,423.0,1188.0
2021,WA,146.0,240.0,197.0,211.0,435.0,1229.0
2021,WV,34.0,58.0,73.0,70.0,140.0,375.0
2021,WI,104.0,164.0,147.0,182.0,308.0,905.0
2021,WY,26.0,28.0,39.0,28.0,69.0,190.0
